twitter_user,followers
,0
CUBAONU,20657
enochfurt,1328
JosMarcosFeito4,1885
elisa_esquerda,3051
nilmariomiranda,6021
PedroKemp,2905
mairakubik,10442
DanielleSChaves,2084
GlaucoS41843642,6861
anagomyde,2359
Granma_Digital,193588
Josepauloseraf3,3779
guiskd13,2739
magaiver54,1996
SergioSantosLor,3193
iG,118335
FadaIlha,4341
rodcebrian,96145
Alargolo1,1844
leidy_als,3902
Luesquerda,3140
ZellFlorizel,15069
Malu_Medeiro,11188
aeciodepapelao,54558
BlackSocialists,125583
TVJustica,365669
RicardoLeyser,3170
serafinipsol,14718
msoares,20515
neylopesmachado,11251
Sil_Mergulhao,13010
brealt,10044
verdadenarede,577
RoqueValero,1642800
ana_mota57,2793
galas_oficial,40553
VAN65429986,5230
cidinhadeangeli,2275
jerogi,5357
salgadinhomusic,48400
colorada_gaucha,5782
flaviocostaf,8476
smithnathii,75672
foradakigado,3053
Quiteria_silva,4257
DaianeVV,4066
RobertoZezinho,1429
esquerdadavida,2028
yuridcarvalho,3590
hfernandesbio,4777
PolitiQueijo,8488
carlaayres,3965
AltinoPstu,5881
PresidenciaCuba,112908
FlaRobSal,13259
AdrianaHlobo,6357
TitaRibas86,6234
roqchams,36551
Pattidutra,1285
assisfrederico,54
BancoMundial,453283
pnud,364612
a_empoderada,2923
AbovskyAndr,3694
agatabarbosa12,1767
deyvisondouglas,3861
RogerPost3,5483
Elaneide5,2165
heliacalaca,1530
AntonioAMoura1,2449
ContraEditora,2063
blogdopannunzio,136378
LindseyBoylan,33293
akela_lacy,18850
AnandWrites,676547
leticiakawano,6332
TaschnerNatalia,36326
FredLAFernandes,13520
conradohubner,28471
RCasara,23006
SoniaBelaCiao,6375
anacorso1301,2541
arquiberlula13,3308
joaodogoias,4291
mateusfgoias,6849
EstevamReboucas,7707
GutsEsquerda,9976
juliarochasim,30753
AnaErikaOlivei1,7695
dululadasilva,6626
VeraLuladaSilva,5624
VeroCavalcante,6840
manso_tatiana,9357
red_pessimist,8409
CocReality,2775
JanainaMeloo,19244
GenilseLucas,10223
NeloSohn,13405
Ma1Ferreira,12446
MarlonANTIFA,29755
oicram2016,9918
DaysePirralha,14446
zzairasantos,9269
EDIRCARVALHOMO3,9965
GauchaGremist4,3032
frulanis,26025
factchecknet,27654
FNPrefeitos,3422
crisotobias,1315
caroltypes,7604
MiltonBituca,17308
IamMzilikazi,419671
fightfor15,60062
majorityfm,94851
camanpour,3013970
edsonsantosrio,1446
eristonmattos,9490
Liomara_Amaral,9185
belagil,46212
fdesouzaalves,3801
iaraujo21_,10017
polyana2009,1193
ameliedalua,4472
tainadepaularj,5322
AnglicaLessaRo1,4149
francis30376037,5066
Dirleu_Koerner,6517
vanyhernandes,6550
vitoria11set,4756
Ale_Trinidad,6551
carlosbonancea,4993
ever_lula,6447
nalu_nas,8649
CssiaRoberta5,9343
Fique_EmCasa,6740
Valmird81069512,5131
leite42,4629
PenelopeResist,5796
BRYNNER_01,4693
VoltaPT13,6270
selmamathiass,9378
silvia_rubin,7791
NivinhaFla,50611
c_arreguy,13293
luizpaulor,26925
ivonesilva,682
Juvandia,888
LarissaSilva18,192
cidadaoprimata,16689
sacha_faria,3511
LeaderHoyer,130522
SamuelSilvaFB,33582
ABRASCO,19411
idec,42028
Sietecase,400877
sdamascenosilva,3259
elcancillercom,86554
rollingstoneBR,719690
camaraptsp,4780
radioconvos899,121075
arte_prima,14496
DerMutteraller,1200
matajoba2010,2417
ElianePed3,3765
ctonon2,6566
ezequias123123,4696
LairaGVieira,11157
luizccsouza,6568
SindipetroBahia,953
deyvidbacelar,1328
tadeuporto,1535
nelsinhosantos,570
TheLancet,571035
CFOAB,145783
drauziovarella,399834
butantanoficial,25780
FINC0,3750
RimaDonda,2181
GuiPt13,5761
RobertAntonyL,3752
Carlos_GarridoF,4281
JptSaoPaulo,70
PetralhaJosi,302
difusoramossoro,2150
kellymatos,130267
ArgentinaEnBras,1899
RdGaucha,536622
Taniamariadf,326
AlineQ12,10468
mel3flores,5632
cgtnamerica,290360
vivimendes_sp,5989
UNEafroBrasil,5708
paulobetti3,7791
cinefilo_K,50168
caomilali,3543
coalizaonegra,12551
renatosimoespt,4238
foaesp,325
radiobandnewsfm,1480719
waldenorpereira,4649
joseildoramos,4111
iago_montalvao,5689
Pragmatismo_,50198
PauloNassar,1692
KellVila,56281
gavioesoficial,362814
annavirginia,21509
priscilakmattos,12802
atailon,10355
TheLucasLange,10364
LauraCampani13,2124
BelaMegale,21047
SalvinoOliveir1,1415
galodeluta,38932
Avanci1983,3943
MrsC_Assange,31714
JPdeOliveira,27651
gabiaraujop,165
fabianotrico,384
netflix,8688136
mnfernandez,3577
rafmaracaja,5679
SilRePlp,8425
CriciellePT,1179
Leonardo_Grosso,47744
mphistoria,30120
ConJur_Oficial,222733
phvmartinez,1921
GrupoPrerro,308
vinizimmermann,664
mrnvlnt,5844
itsIuciano,10516
neli_pereira,13797
britocruz_,2541
ChirleyPankara,5409
UrbanNathalia,9257
kbatthyany,3224
eduardofvaldes,19342
fernandapsol,101667
fernandapsol,101668
BrigitteSCollet,2147
lgbtdopt13,124
ChrisinhaR,7187
FinesProjeto,4650
estevaoribeiro,3675
alamoju,14717
Jollyxx,15441
transboylife_,13851
temperodrag,21579
AnaAgroecologia,718
VCamponesa,47
mpa_campesinato,937
roberta_bastoss,24353
iyasandrali,724
LeviKaique,80734
julianaborges_1,3561
MBU_Doralyce,5602
QuebradaPod,1724
IgorDrumond,1079
idmj_racial,778
CGuedes1906,3459
alencarjp1,164
walternunes,2104
alexandrecct,14671
DanielMaiaMello,6005
reumalho,76790
ninatuitabrasil,3330
krisksilvano,8998
DougAssis3,3955
anaflaviahist,4874
simas_luiz,74891
alcysio,9250
Reserva1313,10040
EsquerdaPT13,14965
guedesvaler_mo,7016
JoseOliveiraRo5,10119
Tramontina19,7541
LoteMarcio,8880
joaogeocanhoto,5510
Alcino2010,12077
Contraf_CUT,1373
marciobjardim,5918
tacianabarros8,721
FreeLulaUK,1134
IlonaSzaboC,44754
DirceuMemorias,9604
thiamparo,56750
macsanto787,5883
patysrovari,10049
Fercarlula,7039
EiHenderson,8320
LulaDilma5,14088
JuhBatist13,9810
Laurentino68,9760
CelliaMarquess,2600
Fabi2022H,2745
aleestefan,14253
JoaoCarlos2010,4498
MancioCarla,3234
GilCarlosTex,9095
gilleite9,3149
soghetti,12278
GamaNaiton,4972
priscilamercon,8266
lula13133,8134
lolalow6,4989
capitulo03_,8816
Ecico2,8470
nave1964,19232
uraniaflores,3858
EKrominski,62166
JaqueGiarletti,13656
alinadurso,75982
adenilsonarj,6070
_Filizola,2884
Rosilene_Crf,1980
Bariequikegard,6356
dudadellorusso,18696
UBARectorado,22426
UBAonline,109793
ubasociales,26067
LiviaPetralha,6026
historialiberta,14974
gabrieldread,13003
Ludmilla,6918342
cauemoura,2630559
scelso,822
cristianoufmg,5475
thiessita,24596
manoelpedro,1556
rbcgaia,26647
DimitraVulcana,27795
dritasilva,2841
iglesbiteriana,48903
jpcuenca,35113
ipeaonline,142072
jotamarquesrj,17678
Florababylon,25424
bixarte,6241
JaquelineJsus,2161
ErikakHilton,14616
Iexandre,17636
JussaradeLima10,1691
CanaldaResistn1,543
Suxbernardo,16842
LianaCirne,8599
AlessandraNeg17,374
tuira0906,2975
SaboiaRN,5010
MariPortelass,1428
Vivabem_always,7310
ClaudineiRFerr1,1388
2010laurinha,2271
LorranPhelipe,5323
MaidaBraga,3672
TeamYouTube,891837
Ericks4ntos,774
paulouchoa_,7197
GodinhoPatricia,2262
Gerson72340523,20
bsouzaleao,1365
profabiocozza,4694
Cleo135,4027
libardi_lu,1189
robson_carrasco,1922
atfslebron,2721
ibfrancini,1382
lummf1,732
jpibiruba,2150
Ca_pq,7011
Allen_drums,1527
vemlogolucifer,1487
alicecarvalho,11586
laerciocastro,1748
zazaudi,6186
WaimiriAtroari9,3933
DilmaCAL,3458
luisandrefq_,7881
722_Aurelio,3922
rosanemacieel,6424
NiltonPT13,14358
deia_lula,4487
FerSindicalista,8366
Al3xandre3_1969,1919
AlbuquerqueNoah,21569
FREEdaFahlo,11327
NandaKCrvg,1199
OtiliaFontoura,8150
Joao_Almirante,25773
OficialOliverL,8891
DiHernandes2,3482
tiowill_,806
ERegressiva,323
AnderCuba1910,1295
rosanatessuto,1044
CairesJane,10480
natanaelneto,1195
crisbezig,2934
KalleoSandalo,11901
IMedicis,15057
vnssalin,8283
A18Elisabeth,6063
BenignoBBarboa,6013
jacquelinecava8,7194
dizissima,8848
GuimaraesHelcio,6453
adri_netto,5769
brennoblog,5825
krizz_tina,5986
Sirlene1Araujo,10364
andreribs,7918
fabiofazzion,1332
Gabriel6828,4742
Gustagusth,334
flrfabiano,2044
beca_bonne7,25225
Adriana_Accorsi,5561
Trovasatrevidas,1166
AlexandreCals1,1454
FerreiraFumaca,3340
Anitta,11551818
Marylarys,6372
omundo2anaroxo,2557
CanalRonnyTeles,632
JooAntnioMarqu6,3487
ThiagoResiste,5246
LeiaOrganaPT,15937
samuelborellipr,10298
quehorrorlais,2732
marcelaholguin,80518
CancilleriaVE,379249
thatianap,2070
rodrigovizeu,27470
mortadelinhadol,4854
RedeLULA,15786
pontopalavras,10402
SuperTataLopes,7815
Marco_Lucaa,731
MujicaDeFato,4667
z_furtado1,48006
TullipaEvans,4237
TariRodrigues,3682
skyscraprls,6282
anitablian,5346
tatiroque,32394
Danilinho,6057
giz_omartins,2158
dricodelima,21755
jonathanvicent,28600
Flaviamaynarte,6230
AmadeusDjeff,313
betafala,23114
marlenemota7,10973
mbpguedes,13546
joaomassa,9090
moema4,9121
nesimachado,10810
FridaGalo13,6686
HistoriaFlavia,4085
gabriolaz,37333
joelluiz_adv,64225
Nailahnv,45140
cissa_guimaraes,1356536
NovelloVitor,15858
vinimzo,4244
LivrePetista,9738
PapaiBozo,31045
DayseDeLuta,10722
Rugasdeconje,14276
Fabricio_RCosta,900
rodenasale,16545
mellziland,3780
llucaslouback,3056
leandrotessler,3433
BarnardB20,2547
verazimmermann1,17289
marcelohp2017,7759
nevesclaudia213,22361
escandal_izada,14773
fofunista,11549
RTaokey,5854
ninalemos,25423
hugoalbuquerque,7469
wendy_andrade,5045
blogdoailton,7934
bispo_maximus,16041
thicico,18706
LilianeRosa_,1754
veluc111,5672
ojotacamelo,11768
fvanzo,10464
DemocraciaSempr,2646
glaubermacario,22363
HiagoVinicius,1390
pastorhenriquev,54889
IsaCNN,11606
lulafalcao,11968
skDaniela,1885
wrgomes,2953
malungorei,6446
LuaSantis,7313
RACIONAISCN,262889
PodeDeter,1450
anabmoser,58444
brennoalmeida,3197
daninava,2495
elisaraujo2010,12470
NaraGil,15148
flaviaol,194255
mdavidmacedo,7973
MariliaMoscou,23075
MajorDenice,1409
edenvaladares,3638
RudaMorcillo,7640
ROBSON_LEITE,8378
arquivopolitico,8950
Adriana93673435,10472
SupertrampBella,21212
camilamoradia,1083
AdriiSouza21,10607
JoeBiden,8388471
Valdirene8975,9375
biabionica,8148
mairaacf,11780
Juruna53,3631
intersindical,925
CSBbrasil,954
novacentral,996
UGT_BRASIL,1945
CentralSindical,28258
canalpurpura,6957
RODRIGOPILHA,4414
ProgIntl,25725
renatinhois,9271
isabellataviani,106350
fabysapek,10358
MartinhaDF,14773
msffeliz,10327
BacelarBatista,20982
RosaLulaMarx,12976
phtmedeiros,8015
marcelo_semer,52353
Claudia_Sarti13,16299
EliGAlcorta,54136
IsaakDinensen,3868
NacaoZumbi,93102
JanaDahoui,16207
pierobl,13177
Daienemendes,8118
renancalheiros,165716
katalinkacg,8710
TorresFagner,10693
gabicoelho,18917
pedroborgesf,16851
LuMicheletti,30375
felipeproenco,4116
silvathiagohs,20338
MedicinaEmDBT,32100
Oparbento1,27086
RMafei,18998
marivarella,28482
1313_Monica,15818
sandra_miria,11407
jojoletthy,21138
jgprates,14957
orlandoguerreir,35381
rehventura,60156
UNTREF,16975
ivanmoraesfilho,12653
salesciro,6342
CCiocler,24079
mcgui_oficial,1618665
NayaraFelizardo,47387
trabalhosujo,29015
zanesust,3307
Petista_DSM,17105
helcimar,1943
lucyramos,187471
Tonkiel,52684
Benedictis_Ort,23680
tomphillipsin,64078
BotSentinel,202519
EmmaWatson,29218212
Malala,1780131
Emanoel1953,24874
mdenser,27950
MalcomEcks,12318
TomeiAbuso,14692
lgodan,10820
Patpernambucana,8840
ToniBulhoes,40705
MarianaxMaria,12342
castrofor,16716
HDr_Z7,8090
AnnaS_Gdottir,11083
beruta,52690
patativaparana,8055
passarosErosas,31094
EddyeLulista,13909
neusinhaschub,15788
_Adedeia,10277
llouzzada,13381
esquerdeando,22000
izanildo_sabino,9993
CaioPaduan,59783
rodrigo_boss_,3492
YviMcarneiro,48180
LeonelRadde,67494
silneyart,5119
vanessasoaresc4,10707
MarceloBackes_,38836
GraaVieira,10652
Leila_Argollo,8555
MarceloUchoa_,14703
AlessandroPT89,7311
eltoncpaulo,11851
BrunooLuccaa,11933
cristinaarfrei1,14330
MariaDoPT_,14418
Maritelivre,11433
Avanci83,9245
dosreislu,198
marcopevieira,5977
nicolebalestro,10385
Benildes13,1361
pretaferreiraa,16444
parox40,8718
chinaina,54340
Carioca_ai_dent,4375
js_andrade13,4326
gabigol,2384694
willmummy,5311
bobjackk,41945
aaa12br,4280
RodrigoBrunelll,4920
neri_schroeder,8594
ritamariabeze,3707
LampiaoJorge,7445
Marcoslulaofici,13245
ConexaoPetista,13929
DanilosLeite,9466
ricardosamelo,695
Globo_Rural,241028
lelleoficial,145362
Jefersondspg,15144
linhadotrem,27450
vinnybrandt,26555
RodrigMarchena,180574
ICLA_UNR,598
UNRoficial,26705
fbartolacci,6869
luizatrajano,49608
slpng_giants_pt,380593
DNACanhoto,16564
MarinaSereni,16511
danielganjaman,39668
joaovicente27,47614
jeferson,50504
NewsHour,1088930
marciojerry,21974
Maufalavigna,26549
AkaFigliollo,9514
lucasmaciel,123801
LuizThunderbird,120295
mcrebecca,430570
FBDemocratico,9636
FernandoHortaOf,22647
imbizita,389045
alexandrismos,89489
MarquesZero,233473
Residente,6111917
RibSte,58484
taliriapetrone,235667
Paty_OrtizC,24745
AFS_Andrada,23664
SueliCarneiro,30923
FePaesLeme,4097909
luboiteux,17582
dorafigueiredo,246937
AidaAvellaE,252943
KakaPepita,5378
KurtScherrer,1290
YahooBr,78410
paulacramon,5165
JosephEStiglitz,320731
SandinoVictoria,36009
PizarroMariaJo,248816
LeonVaLenciaA,219401
AntonioSanguino,50544
esperanza_py,16411
camlagos,6412
RoyBarreras,174742
IvanCepedaCast,1175356
MiguelSamperS,10734
petrogustavo,3937445
agenciabrasil,156884
jefdelgado,14128
PerifaConnect,3082
carlosecaicedo,113024
bacioli,7474
jessicabatan,17356
carlalemos,10347
quixote_o,12988
Dudu,193472
tabataamaralsp,324517
fpassos1964,30759
diarioonline,592507
GovernoDoCeara,306447
guilherme_amado,39965
ptdeminas,8239
mauriciostycer,313457
potenciasnegras,3692
da_goiabeira,39090
IgorJuliao2,35486
claudiofgh,972
ENFPToficial,624
CLamentaveis,156859
LadoBdoRio,26444
CaioBellandi,7096
thelminha,1016588
MichelleObama,16415447
cortezrafa,3496102
poxaflaviaaa,2071
ronaldrios,204215
FernandezAnibal,1107166
sapatenis0,31290
ultimosegundo,434286
RT_com,3066640
minutounocom,395287
millylacombe,48168
rogeriotomazjr,11450
C5N,2765809
aleberco,334880
BastienParisot,4651
YouTubeBrasil,477460
YouTube,72185380
BiaCerqueira_,4473
ivetesangalo,16906329
ValescaOficial,1701178
BuzzFeedBrasil,410670
brunalinzmeyer,56749
maristrassburge,17756
faiscaforte,11032
rclube,91356
JulianRicalde,14261
natalyneri,261022
OBQDC,362109
matheuslaneri,129039
itsannalu,106034
LilianCSA1979,13584
eduardopaes_,489714
mamysdopedro,14009
vivi_scans,32388
gechelle,13210
loka_costa,23720
dikaposi,16063
angelambfp,13061
jojopancada,33499
Amarulacarvalho,25201
TodaNayumi,13082
MarileneNsc,22452
Fariasalves2,20725
BruxaComunista,18583
edusilvafogo,21108
Sabrinaportoqn,11414
Fabiomarbinho,16955
sun_yellow,1880
fafarioss,42842
abdalafarah,24879
wcasagrandejr,126905
rai10oficial,832922
andrizek,1997881
calubarros13,29921
MonicaFPsol,28253
ninadhora,11637
RenatoMouraRJ,4627
MonaDuperron,7528
rocha_lcr,3834
MariluPamc,14783
mylaura_m,57284
rogerwaters,371054
PaulinhaBraun,29339
bkttlapa,449363
vpougy,16244
uaimatheus,238008
defavelas,23165
puttialexandre,8785
rapfalando,246563
AUC_MoussaFaki,164584
portalvermelho,50527
_AfricanUnion,553833
BBC,1705567
AFP,1895586
tainalon,28995
superlativo,2565
linndaquebrada,130630
PaulaLavigne,160356
IsaPennaPsol,23319
RodP13,31968
lolaescreva,140294
elpais_espana,520041
carosamigos,140934
opovoonline,858613
LeandroRamos,233973
kaiquebritor,218490
Raife_Sales,5402
BrasilEFE,6549
luyarafranco,20767
brenolaerte,32982
analuciaraujo_,18329
renataceribelli,534421
YuriMarcal,406091
marcoporchile,719414
opovocbn,19318
ALQadiPAL,99655
favelaempauta,13040
stevensrehen,9952
FAOBrasil,3524
unila,8910
anvisa_oficial,95629
PNUDBrasil,97565
UNAIDSBrasil,9261
CNPq_Oficial,96576
puc_sp,26968
PesquisaFapesp,89841
AgenciaFAPESP,75857
ufrj,53019
ufmg,101850
Unesp_Oficial,83262
usponline,212103
OliverStuenkel,56724
r_nagamine,6028
dadourado,39335
CONTRAFBRASIL,722
ContagBrasil,1831
AssembleiaSP,9847
atarde,478434
marioksz,88805
GrupoMetropole,301519
cristianominas,3215
OxfamBrasil,8858
WashingtonQuaq1,937
SorrisoJPT,1056
ClaraLopezObre,365550
HugoMartinezSV,27960
felipe_sola,279823
AliciaCastroAR,50789
rosana,619966
DrTedros,1260474
Donato_PT,4735
WinnieTeca,38849
DLBiller,13389
MSavarese,13400
winniebueno,128272
tweetsdeZe,2414
foquinha,244840
fabiovboas,8059
GovernodoRN,56433
jnascim,55944
milenabatista,9550
PedroPatrus,3191
radioitatiaia,1083211
Kamau_,101822
rennanleta,16991
Tatawerneck,11395483
NegraLiOficial,80051
supernoticiafm,22970
GuiCimatti,7443
PenelopyJean,15617
brunacaram,15259
fvallejoss,78079
eupelu,792624
presidente_lula,91618
pedrinhocandido,1193
marcialiapt13,1234
observotariopig,16808
tarlouze,14639
MarceloPintoBA,40967
JotaKar,17819
luizmuller,17896
enfanaleao,19403
StellaMendonca,17482
carlatoscan,9425
jose_simao,5237828
MuseuNacional,68392
IgnacioYbanez,6893
BillClinton,12143643
KatiaAbreu,148995
EmbaixadaChina,73095
pejulio,30663
LSabatella,28456
Refugees,2484984
UN_News_Centre,488005
NewYorker,8922689
sosma,146611
iberethenorio,117576
victorxis,4432
nathfinancas,404963
publico_es,1037630
juremawerneck,15655
rinconsapiencia,98580
PretaRaraRap,2036
malunguinho,31416
pretozeze,36880
ReutersBrasil,353687
GovernoMA,192853
gabriel_chalita,179003
mvbill,260095
CamaraNoticias,171594
DiraPaesCom,303476
MarceloAdnet,3369124
sallyrugg,43611
_pinheira,119914
silviolual,218348
titimuller,547511
SenadorRogerio,17734
augustodeAB,276506
veraholtzirreal,361832
RBandeirantes,249764
Boatosorg,30238
Comprova,31332
UOLEsporte,1163691
SBPCnet,182742
SantanaTiago13,83
casaoswaldocruz,5227
fiocruz,76407
agencia_fiocruz,249637
VianaNatalia,8636
inst_marielle,57588
SarahOliveira,456064
luscas,6691272
CBNoficial,300745
governosp,446764
GabrielaPrioli,976188
showdavida,10176017
TwitterRetweets,157335
BruMarquezine,8776248
oatila,1052667
eurenesilva,215789
franceinter,1546105
RevistaEpoca,2770880
recordtvoficial,4826135
belivaldochagas,5415
RenanFilho_,29326
Jujuca1987,119770
LANACION,3489457
CNNBrasil,888773
AgenciaTelam,646522
elmundoes,3753401
SantiCafiero,236762
SabinaFrederic,67425
BrazilBrian,44470
fernandogallo,3454
LemusteleSUR,16996
bollemdb,150885
CamiloSantanaCE,115634
AsambleaCuba,63684
laressa,62944
JamilChade,93397
DIEZEIT,356599
MonjaCoenReal,18379
IndustriALL_GU,16546
FESonline,25070
fotermin,10386
NowaboFM,44175
nikhilgoya_l,15756
FahimiYasmin,808
b_riexinger,36557
dieLinke,299940
Spolitik,54186
GuyRyder,28457
OITBrasil,4111
RTSinfo,142997
DariusRochebin,114666
_lucasfigueired,2797
GusLanzetta,29246
RemiFeraud,18089
UNCTAD,170681
franceinfo,1681299
luisamarilaccc,16193
KastingCarolina,17923
PaulineVeron,11826
ACORDEBARD,12582
EnricoLetta,573715
dassouline,28053
mariabopp,112590
PCF,51559
Fabien_Rssl,16745
Denis_Baupin,17386
PSEinfo,8194
EHESS_fr,32362
WIL_inequality,11155
PikettyLeMonde,152867
wccpilgrimage,4072
OlavTveit,4785
Oikoumene,29115
ParisEnCommun,10409
cgilnazionale,73281
robersperanza,92181
BabuSantana,1091083
arletesampaio,7526
conectas,18354
renatasouzario,38517
justicaglobal,17389
UOLPolitica,75146
leandraleal,853094
Nandacostareal,592284
AroeiraCartum,40367
chaysuede,1628371
BernardoMF,158837
tati_bernardi,305166
ReginaCase,1353863
reinaldoazevedo,874619
g1politica,295296
felipesantacruz,1805
GreenpeaceBR,1902165
pefabiodemelo,8043338
sextaNoticias,1150325
zdoficial,446215
souguereira,28272
professorabebel,3124
odaircunhamg,3698
edugoldenberg,22080
linsaquiles,5917
meteoro_br,135182
ObjetivoLaSexta,341867
laSextaTV,1034014
WHO,8201066
obede,1444
_anapastor_,2059558
rtve,1178489
TV_Publica,963038
vozdacomunidade,406929
bellagoncalvs,11847
andreiadejesuus,12304
FalabellaCida,21754
boye_g,209822
BrianMteleSUR,5103
prof_rosaneide,9277
ninaturner,372907
TheOliverStone,162560
RodLago,31926
oguardingo,10047
ganyet,37246
krystalball,390346
sunraysunray,77297
WalkerBragman,38839
kenklippenstein,300553
tmbsfm,35425
silveropereira,30130
JacobinBrasil,21665
BrasilWire,17234
Daniel_IV_,5295
NomikiKonst,132071
GravelInstitute,193146
martin_caparros,172349
harari_yuval,347762
DanielYergin,24678
depzeneto,10242
deppauloguedes,7811
DiazCanelB,358428
maisa,8680330
whindersson,17104947
folha_poder,458469
fmei7777,76786
JulianAssange_,203494
BBCBreaking,44923471
CNN,49494904
nytimesworld,2065519
cnni,11089970
WSJ,17954771
AP,14376711
Reuters,22234588
ForeignPolicy,1135051
MarkRuffalo,6756593
g1brasil,493581
CNJ_oficial,868181
NoticiasONU,318619
ONU_es,1592294
bbcmundo,4072110
CorteIDH,391630
ONU_derechos,791047
EFEnoticias,1802567
AFPespanol,449641
CNNEE,18949383
BBCNews,11191239
guardiannews,3358445
NetflixBrasil,10111307
jonleeanderson,64023
FranciscoProner,618
carlosgabas,2230
jenarovillamil,534184
alexalmeidapt,1144
aureacarolinax,79363
lucindaelisa,18580
LEBasterra,13356
Martin_M_Guzman,158684
LicDanielArroyo,123348
larrouturou,39881
zeluizlhesdiz,132935
paulonbjr,6130
alferdezprensa,276956
soutamires_sp,4660
PatrickLeHyaric,13162
maritegon,13395
ZSantossaz,42370
ilo,167765
UNICEF,8352810
Moreno_Veloso,5345
zecapagodinho,487356
Dep_ZeCarlosPT,4395
tuliogadelha,133382
naiaragg,8080
TerezaCruvinel,28034
vluxemburgo,509373
WilsonRamosFil3,1941
albertocalmeida,37182
ValeskaZanin,3005
LuisCValois,66275
LenioStreck,36257
Alma_Preta,75749
TwitterMoments,797132
TssiaC,21121
wikileaks,5610047
randolfeap,180962
leonardo_stoppa,25844
Marcelodedois,1106404
TUCGlobal,11450
RafaelValim7,8118
Savagefiction,137199
jmgermain,13457
obsclima,49949
SamCowie84,15173
Underground_RT,29568
lelispatricia,132253
martasuplicy_,64317
JoaoCampos,5334
tsipras_eu,314465
MussumAlive,202213
Jefferson_PT,4799
Omardeideais,8874
FAO,389063
GarciaLinera,29699
AdaColau,910585
People4Bernie,238676
k_satyarthi,2191055
ponchohd,1858988
CarlosLupiPDT,14884
catarina_mart,84487
Debora_D_Diniz,142270
robertinocarles,33570
nelsonhbarbosa,28034
LiraNeto_,27622
RoKhanna,216489
MMFlint,6093176
GretaThunberg,4156478
UAW,61387
GaelGarciaB,2504993
brutofficiel,575236
cacassao,281
UKLabour,883359
jeremycorbyn,2429158
AnaTeresitaGF,18342
aliciabarcena,30916
joseggusmao,12264
Almagro_OEA2015,1430033
EmersonAnomia,77007
JustinTrudeau,5111970
SenWarren,6097552
giulianopisapia,317526
KatrinaNation,183059
Dmartinez_uy,132240
flaviovmcosta,9880
UOLNoticias,3416343
rtppt,509901
BardoOmar,67354
FRANCE24,3416750
AttuchLeonardo,70856
dudabeat,65581
jdornelles,11657
PKlugman,7263
RobiBaradel,82549
CTAok,41180
Paris,2126687
Anne_Hidalgo,1501170
ActualidadRT,3530240
PortalMigalhas,73561
eduardomoreira,145519
JanjaLula,43370
paulocoelho,15513450
compartycanada,19327
PCO29,16193
brunnosarttori,176190
biazitagomes,18565
ProgresaLatam,33384
hilde_angel,92593
sulvinteum,35200
congemfoco,246880
ONUMulheresBR,28682
antonioprata,286810
sensacionalista,2133374
Metropoles,308089
PDT_Nacional,115142
djamila_ribeiro,3646
Snowden,4317872
SenadoFederal,998478
NPTO,63280
alessandromolon,299962
samadeu,22946
anaprestes,4658
fernandosolanas,314291
ufabc,6384
MarinaSilva,2082227
socioambiental,61525
ALeaument,28957
deputesPCF,10883
AQuatennens,92803
operamundi,73622
FabioAssuncao,143458
PauloCamara40,15420
laurentinogomes,99448
will__grant,7512
amandafaudi,129481
fredmelopaiva,50219
fernandeznorona,397693
grcarmonac,16901
mbompard,39787
FranceInsoumise,105796
NaomiAKlein,654269
MaraTellesReal,45923
carlosveraspt,4369
vijayprashad,51299
felipeoabrj,71930
pagina12,362412
delRioPilar,39774
alferdez,1855522
mombojo,23903
guardian,9031948
Independent,3312718
mari_une,715
MayoralRafa,102876
pirescarol,51305
psolnacamara,51664
joseamerico_sp,4649
LatuffCartoons,106306
DanielaLima_,152001
domphillips,26918
camposmello,172610
JesseSouzaecht,78359
bragasonia,84617
FabioPorchat,8743761
Estadao,6870153
UOL,1688176
valoreconomico,2389920
JornalOGlobo,6489865
correio,774462
washingtonpost,16208756
TheEconomist,24937150
Poder360,82213
AOC,8228984
franca_rodrigo,122047
piedadcordoba,758455
JohnMAckerman,828279
mariomagalhaes_,55874
aniellefranco,93337
jacobinmag,298578
demori,260120
GUENGL,38003
Hugo_Gutierrez_,126502
FaleiroAirton,5453
spartakusvlog,54142
tutameiatv,829
Guizadotronix,2102
carolproner,16817
stedile_mst,31896
MilaBelitardo,626
UFCW,85735
astridfontenell,1161947
barbaragancia,538124
brunogagliasso,4995026
vaticannews_pt,75810
negrobelchior,18242
hanakhalil,261350
spiegelonline,491092
folha,7539958
PSBNacional40,146014
g1,11574752
hrw,4427947
monica_benicio,48495
chico_pinheiro,419457
Glauber_Braga,174947
freibetto,52387
taisdeverdade,2530478
olazaroramos,1265965
BBCWorld,28732713
anistiabrasil,39011
patriciapillar,145303
_michaelbrooks,102023
estebantavares,298774
raelepronto,163241
ken4london,42993
FernandaTakai,120622
chicobarney,314481
luizaerundina,203697
lauraabcarvalho,165171
simaopedro_SP,8720
julianapt,6677
renatorabelobr,14275
BresserPereira,12794
caetanoveloso,930546
jilmartatto,10264
fiotioficial,63694
BernieSanders,12794091
DanteCampana,352
zerotoledo,93840
GuajajaraSonia,89571
HaddadDebochado,171210
detremura,476923
safbf,191769
el_pais,7698854
monicabergamo,1556873
florestanjr,69196
carlajimenez9,11792
juarezvero,22100
DeMasiD_,4877
psol50,389938
petracostal,203807
mariagadu,2674735
semagrotoxico,1187
humanite_fr,378774
mzconteudo,7730
briebriejoy,295976
niralima,8834
miklospaulo,95972
observatorio,573840
kmendoncafilho,86901
theneedledrop,733348
samiabomfim,332445
BetoFaroPT,6228
CelioMouraTO,3805
freianastaciopt,4151
LuizianneLinsPT,18085
UdoBullmann,8791
BrunoRguezP,119562
condegustavo,18125
senadorjpprates,9467
AlencarBraga13,9717
ChicoCesarOf,10191
UGT_Comunica,42531
gleicidamasceno,521141
Trom_Petista,31679
alexnero,334053
ComiteLula,6500
danibacedo,15183
fhollande,2289802
PabloIglesias,2593918
sanchezcastejon,1448968
PSOE,802415
PODEMOS,1508408
abjdbr,4668
MulheresPT,2225
MonederoJC,582195
lugo_py,35099
Mov5Stelle,702762
MiguelSRossetto,4171
AntiCast,81595
MartinSchulz,688033
nytopinion,766262
UNHumanRights,2981236
KofiAnnan,263747
UN,12792560
FreeLulaBrasil,2246
leitorubin,34396
repubblica,3025088
monjacoen,5356
mayrasmendoza,147466
pietragallahora,64821
grisici,986493
bethcarvalho,9299
mc_caroloficial,362536
CaravanaSAB,124
arnaldo_antunes,264031
gualtierieurope,52299
LaurenceCohen94,5809
labourfplam,1967
danielamercury,876261
JorgeGlas,444980
pitinruizaragon,4125
Leoni_a_jato,168784
TatiQBOficial,769764
lopezobrador_,7389845
ricodalasam,23860
andrefrateschi,14986
JuanGrabois,150039
Floragil2222,232569
bbimbi,63253
thaideoficial,63935
Cecillia,146784
lab_fantasma,79031
lemondefr,8876534
oteatromagico,148945
chico_psol,241428
mariellefranco,51838
caitomainier,275566
gabmariotto,36314
raullsantiago,117593
MRE_Bolivia,71537
MarceloFreixo,1451871
natbonavides,45671
democracynow,763149
mrdannyglover,1264562
julianopsol50,55441
ericcoquerel,59170
Frente_Amplio,104625
editoraboitempo,43163
Juninhope08,942282
rappinhood,56503
Toens_NRW04,1267
pameaguirre1,34386
moemagramacho,5533
luizcoutopt,13315
josiasgomesba,6150
depmarcon,7857
deciolimapt,14462
RubensOtoni,8161
JoseAirtonPT,6147
depluizsergio,3882
cepal_onu,423688
FAOAmericas,87312
NicolasSarkozy,2331594
JLMelenchon,2172601
faosfsafrica,8500
EnriqueYeves,4331
pvillegas_tlSUR,182790
mbachelet,754739
PrensaMadres,84510
ONUHumanRights,449945
OEA_oficial,1151765
NielsAnnen,12910
Kicillofok,1196491
victorsmaria,75936
c_cardenas_s,169977
vwinstonv,1229550
CubaMINREX,132995
DanielRibeiro,6916
juanabalmedina,211907
larroqueandres,97071
EdgardoDepetri,39576
gabicerru,255945
jose_mentor,2630
cyngarciaradio,222037
cbritezmisiones,26028
tmorello,768069
uczai,14954
PES_PSE,69807
asbahias,5766
LaisBodanzky,14439
vanderloubet,7070
UniCiudadanaAR,187846
GuillaumeLong,102347
luizmarinhopt,12239
mcashmanCBE,23920
dedelvecchio,13019
rubenspereirajr,18500
seguimos_lucha,1003
AndreteleSUR,6527
AndreQuintaoPT,4514
TeresaCristina,76716
StelaFarias,6433
claraaverbuck,82873
filippioficial,1873
MomentsBrasil,680536
manuelzr,151388
TwitterBrasil,2198606
MAB_Brasil,9387
joaolucioavotf,17166
Insulza,25438
mah13MC,40228
TopolanskyLucia,16885
linobocchini,11293
estechefernando,19905
PauloAbrao,112230
RaulSendic_uy,77237
MarivoneLula,26853
Luis_Delia,241166
vlnieska,2259
jmkarg,53462
ErikaOSanoja,254279
AliciaCiciliani,16258
NiltoTatto,11523
MPP609,29537
ALZIRALOPES18,17432
alexmono,1823
RoLuchsinger,16080
manucaferreira,7771
MariliaArraes,33252
hamenteslivres,35540
PretaGil,5395871
pdralex,22409
GabyAmarantos,367680
AnnaLuGama,18576
kallilolv,24579
joomikhail,24213
DrFernandoOrtiz,9216
anavilarinol,24665
ricardope,36518
EsquerdaSE,1000
pahega,22339
Lelecoutz,26307
ptbahia,8448
ptnaalba,3005
DilmaResiste,65248
delucca,227567
AndradeeRoberta,15703
Florisrs,12689
olivaluiz,2986
Eliane_Aquino,7671
tvebahia,142478
depjoaodanielpt,7595
ElzaSoares,73882
karinabuhr,48368
tuliparuiz,69989
Liniker,65611
JohnnyHooker,86346
Hendrix_Careta,17406
izzynobre,150932
anterogreco,657485
ilmaroficial,99475
asa_brasil,2788
portadosfundos,1920112
euclarice,828468
joaobrant,2438
biawabramo,2838
AlfredinhoPT,2409
geledes,56397
joutfuckinjout,384545
Prascidelli,1734
wdiaspi,16633
DonizetiPT,9631
saguasmoraes,9725
falavalmir,628
ElismarPrado13,418
aidarhumberto,2218
davidmirandario,356149
PrensaPEsquivel,77110
smabc,4511
CUTsaopaulo,6257
ValterSanches,1250
aosfatos,227454
achinaglia,10470
TareckPSUV,1344661
MariaClaraSpine,20957
pablomiyazawa,21816
mmlamoyano,127473
Alice_Portugal,24892
Twitter,58295425
nelsonpelegrino,13901
DepCaetano,3957
DepValmir,8526
MariaRita,1288717
_andresanches,17897
agencialupa,176545
gabesimas,103897
lidicedamata,50250
andreolifelipe,3446952
elizondogabriel,18957
BLOGDOMENON,30569
chico_dangelo,16290
depzegeraldopt,62454
JFMargarida,63336
heldersalomao,42774
GivaldoVieira,7825
JulianaBrizola,21884
GabrielaEsPais,356174
sputnik_brasil,36203
BentivogliMarco,29474
miriammarroni,5236
fernandomarroni,8339
HenriqueFontana,61175
BohnGass,40571
ConclusionRos,24396
Sabbatella,320829
InfoNodal,93580
CrisAlvarezRod,68210
movalente,1467
amandaramalhos,186672
DepMarcoMaia,36166
anacanas,74091
JLambanM,21664
RaimundoAngelim,5916
hectordaer,9658
IvanValente,229052
HugoYasky,118196
pablogentili,28032
danielscioli,1408554
FilmusDaniel,359816
suterh_osperyh,6156
JorgeTaiana,106721
UMETeduar,11631
_CLACSO,61667
trottanico,116873
granovskymartin,48661
julian_colombo,2746
bicmuller,245361
BarackObama,121491653
anaperugini,4316
Karolconka,547884
criolomc,595491
FeCastanhari,7097227
antonioguterres,1005554
palmeriodoria,86538
BlogdoMiro,81921
maria_fro,40275
BlogdoJuca,602916
manobrown,806339
lecibrandao,81659
poetasergiovaz,46869
tiao_viana,33814
realrcoutinho,224791
JacksonBarreto,15036
bicogiu,1530
zeca_dirceu,78934
Belluzzo_p,36858
andrekamai,3016
MarcioMacedoPT,9575
fatimabezerra,123928
josepimentel,18858
vitortcartoons,3054
dimasroque,2179
dep_padrejoao,12437
depleomonteiro,8358
nocautefm,9459
LannesDelRey,1081512
LulaMarques,16481
JucaKfouri,240431
ManuelaDavila,1064721
jsgabrielli,5873
FR_BSB,279515
minc_rj,95464
CarlosZarattini,40082
camaradeputados,949648
NabilBondukiSP,6278
mediumbrasil,6914
VladimirSafatle,13293
NexoJornal,548024
SenSanders,10135001
Ruicpimenta29,9895
marcelorubens,828710
torturra,66887
JuanManSantos,5511089
AfonsoFlorence,16652
depjorgesolla,29957
marciatiburi,112174
LaerteCoutinho1,270212
ottomatopeia,19556
artebrasileiros,31205
CamilaPitanga,827745
brumelianebrum,323205
VICEBRASIL,150904
CNBBNacional,95498
DomOdiloScherer,112425
lpjnacional,2197
fgmorais1946,2530
joaopaulomst,4800
PabloCapile,13220
pablo_ortellado,27675
EPN,7371948
NicolasMaduro,3827225
sanchezceren,123757
unasur,101373
abuelasdifusion,293940
LeoDiCaprio,19357601
DiegoAMaradona,196898
RaonyPhillips,214129
Os_Mixs,56964
paulaodopt,6945
assis_carvalho,6207
revistacalle2,1140
SigaPepeVargas,16549
PaolaCarosella,1424347
deputadoadelmo,5305
senadorpaulor,45604
nytimes,47135465
ultrajano,99532
tvcamara,144510
PortalCTB,8521
UJSBRASIL,38810
ldowbor,9689
ZeKley,2204
ricardoberzoini,47430
revistapiaui,1500710
UNESCOBrasil,178530
NacoesUnidas,60834
gilbertogil,2583048
tvsenado,42663
MiguelNicolelis,81579
KennedyAlencar,306696
Patrus_Ananias,15488
JotaInfo,225135
Declaracion,689931
Lenin,1046237
diImabr,1151049
elpais_brasil,716481
dw_brasil,165195
RitaLisauskas,78458
bemvindo_ator,25841
cbaraodeitarare,13057
MarcioPochmann,50744
levantepopular,18376
brasildefato,166772
emirsader,145740
MashiRafael,3710636
Pontifex_pt,4904630
bbcbrasil,2642120
emicida,1583830
BRICS2015,22560
theintercept,840930
jucaferreira,10356
AJEnglish,6337728
agenciapublica,207785
revistaforum,312225
zehdeabreu,486083
renato_rovai,79545
ReginaSousa_01,8711
Corinthians,6127272
ptbrasiI,34480
CFKArgentina,5907036
Pontifex_es,18447458
jeanwyllys_real,895658
PatoCorporation,64379
ocafezinho,36377
VIOMUNDO,163904
eduguim,85802
rvianna,107058
stanleyburburin,81695
turquim5,55486
requiaopmdb,247494
teleSURtv,1924580
evoespueblo,1110723
czmartins,95472
FUP_Brasil,10023
Bob_Fernandes,288752
flaviogomes69,168318
leandrofortes,25000
pimentelminas,21972
pmoreiraleite,45944
blogdosakamoto,423333
LeonardoBoff,286119
gduvivier,1432260
ggreenwald,1516551
pontejornalismo,79802
ACNURBrasil,174770
reporterb,197855
GuilhermeBoulos,997444
democracianoar,129
DCM_online,221239
ptalesp,5679
tarsogenro,141354
JornalGGN,64880
EmidioDeSouza_,6457
orlandosilva,57606
lucianasantos,13318
PCdoBnaCamara,10469
ptsaopaulosp,9926
CNMCUT,2209
FlavioDino,487761
elikatakimoto,184696
cynaramenezes,247371
luisnassif,313675
dasilvabenedita,93506
enioverri,39572
_Justificando,29663
vladimirherzog,3923
ernestosamperp,363612
grazianodasilva,29866
PCdoB_Oficial,260685
redeTVT,34998
tijolaco,141356
UNAS_Heliopolis,366
JornalismoWando,145652
TheInterceptBr,753038
catadoresmncr,1501
ConversaAfiada,634246
justopratodos,429
xicosa,1569815
ENFF_Oficial,1457
padilhando,162739
paulofiorilo,2818
RogerioCorreia_,62469
sibamachado13,12676
jorgeviana,66328
esuplicy,493115
carinavitral,26456
HootsuiteBR,26090
verified,2998779
lindberghfarias,352293
ReginaldoLopes,28843
ForodeSaoPaulo,10890
cartacapital,2015786
Ticostacruz,263983
FlavioRenegado,4538
frentebrasilpop,17843
sejademocracia,8287
PTPaulista13,17766
mtst,76229
MST_Oficial,165209
CUT_Brasil,89045
wadih_damous,92933
VagnerLulaSilva,4088
uneoficial,127345
edinhosilva,30621
paulopaim,126397
costa_rui,156526
guimaraes13PT,63351
MidiaNINJA,680650
redebrasilatual,74860
jaqueswagner,98730
VICENTINHOPT,39874
J_LIVRES,357911
erikakokay,172955
cartamaior,181364
vanessa_grazz,131490
brasil247,404425
pauloteixeira13,154730
albertocantalic,8860
senadorhumberto,186586
JuventudedoPT,16934
rfalcao13,143861
DeputadoFederal,358077
PTnoSenado,113666
brasildamudanca,6218
mariadorosario,386888
gleisi,750960
jandira_feghali,382334
Haddad_Fernando,2060777
ONUBrasil,362257
ptbrasil,944194
PTnaCamara,116064
jptnacional,47148
RedePT13,942
fpabramo,20024
agenciaPT13,14378
MudaMais,38729
dilmabr,6349069
inst_lula,229052
